[{"model": "admin.logentry", "pk": 1, "fields": {"action_time": "2021-10-28T17:50:57.084Z", "user": 1, "content_type": 12, "object_id": "1", "object_repr": "Python", "action_flag": 1, "change_message": "[{\"added\": {}}]"}}, {"model": "admin.logentry", "pk": 2, "fields": {"action_time": "2021-10-28T17:51:17.803Z", "user": 1, "content_type": 11, "object_id": "1", "object_repr": "Intel", "action_flag": 1, "change_message": "[{\"added\": {}}]"}}, {"model": "admin.logentry", "pk": 3, "fields": {"action_time": "2021-10-28T17:51:29.776Z", "user": 1, "content_type": 10, "object_id": "1", "object_repr": "School 21", "action_flag": 1, "change_message": "[{\"added\": {}}]"}}, {"model": "admin.logentry", "pk": 4, "fields": {"action_time": "2021-10-28T17:51:35.685Z", "user": 1, "content_type": 8, "object_id": "1", "object_repr": "TEPLOENERGO HACKATON", "action_flag": 1, "change_message": "[{\"added\": {}}]"}}, {"model": "admin.logentry", "pk": 5, "fields": {"action_time": "2021-10-28T18:19:53.407Z", "user": 1, "content_type": 13, "object_id": "2", "object_repr": "Михаил, Трифонов", "action_flag": 1, "change_message": "[{\"added\": {}}]"}}, {"model": "admin.logentry", "pk": 6, "fields": {"action_time": "2021-10-28T19:29:47.863Z", "user": 1, "content_type": 13, "object_id": "2", "object_repr": "Михаил, Трифонов", "action_flag": 2, "change_message": "[]"}}, {"model": "admin.logentry", "pk": 7, "fields": {"action_time": "2021-10-28T19:30:06.489Z", "user": 1, "content_type": 13, "object_id": "3", "object_repr": "wefwef, wefwef", "action_flag": 1, "change_message": "[{\"added\": {}}]"}}, {"model": "admin.logentry", "pk": 8, "fields": {"action_time": "2021-10-28T20:24:09.888Z", "user": 1, "content_type": 11, "object_id": "2", "object_repr": "gsrd", "action_flag": 1, "change_message": "[{\"added\": {}}]"}}, {"model": "auth.permission", "pk": 1, "fields": {"name": "Can add log entry", "content_type": 1, "codename": "add_logentry"}}, {"model": "auth.permission", "pk": 2, "fields": {"name": "Can change log entry", "content_type": 1, "codename": "change_logentry"}}, {"model": "auth.permission", "pk": 3, "fields": {"name": "Can delete log entry", "content_type": 1, "codename": "delete_logentry"}}, {"model": "auth.permission", "pk": 4, "fields": {"name": "Can view log entry", "content_type": 1, "codename": "view_logentry"}}, {"model": "auth.permission", "pk": 5, "fields": {"name": "Can add permission", "content_type": 2, "codename": "add_permission"}}, {"model": "auth.permission", "pk": 6, "fields": {"name": "Can change permission", "content_type": 2, "codename": "change_permission"}}, {"model": "auth.permission", "pk": 7, "fields": {"name": "Can delete permission", "content_type": 2, "codename": "delete_permission"}}, {"model": "auth.permission", "pk": 8, "fields": {"name": "Can view permission", "content_type": 2, "codename": "view_permission"}}, {"model": "auth.permission", "pk": 9, "fields": {"name": "Can add group", "content_type": 3, "codename": "add_group"}}, {"model": "auth.permission", "pk": 10, "fields": {"name": "Can change group", "content_type": 3, "codename": "change_group"}}, {"model": "auth.permission", "pk": 11, "fields": {"name": "Can delete group", "content_type": 3, "codename": "delete_group"}}, {"model": "auth.permission", "pk": 12, "fields": {"name": "Can view group", "content_type": 3, "codename": "view_group"}}, {"model": "auth.permission", "pk": 13, "fields": {"name": "Can add user", "content_type": 4, "codename": "add_user"}}, {"model": "auth.permission", "pk": 14, "fields": {"name": "Can change user", "content_type": 4, "codename": "change_user"}}, {"model": "auth.permission", "pk": 15, "fields": {"name": "Can delete user", "content_type": 4, "codename": "delete_user"}}, {"model": "auth.permission", "pk": 16, "fields": {"name": "Can view user", "content_type": 4, "codename": "view_user"}}, {"model": "auth.permission", "pk": 17, "fields": {"name": "Can add content type", "content_type": 5, "codename": "add_contenttype"}}, {"model": "auth.permission", "pk": 18, "fields": {"name": "Can change content type", "content_type": 5, "codename": "change_contenttype"}}, {"model": "auth.permission", "pk": 19, "fields": {"name": "Can delete content type", "content_type": 5, "codename": "delete_contenttype"}}, {"model": "auth.permission", "pk": 20, "fields": {"name": "Can view content type", "content_type": 5, "codename": "view_contenttype"}}, {"model": "auth.permission", "pk": 21, "fields": {"name": "Can add users", "content_type": 6, "codename": "add_users"}}, {"model": "auth.permission", "pk": 22, "fields": {"name": "Can change users", "content_type": 6, "codename": "change_users"}}, {"model": "auth.permission", "pk": 23, "fields": {"name": "Can delete users", "content_type": 6, "codename": "delete_users"}}, {"model": "auth.permission", "pk": 24, "fields": {"name": "Can view users", "content_type": 6, "codename": "view_users"}}, {"model": "auth.permission", "pk": 25, "fields": {"name": "Can add session", "content_type": 7, "codename": "add_session"}}, {"model": "auth.permission", "pk": 26, "fields": {"name": "Can change session", "content_type": 7, "codename": "change_session"}}, {"model": "auth.permission", "pk": 27, "fields": {"name": "Can delete session", "content_type": 7, "codename": "delete_session"}}, {"model": "auth.permission", "pk": 28, "fields": {"name": "Can view session", "content_type": 7, "codename": "view_session"}}, {"model": "auth.permission", "pk": 29, "fields": {"name": "Can add Достижение", "content_type": 8, "codename": "add_achievements"}}, {"model": "auth.permission", "pk": 30, "fields": {"name": "Can change Достижение", "content_type": 8, "codename": "change_achievements"}}, {"model": "auth.permission", "pk": 31, "fields": {"name": "Can delete Достижение", "content_type": 8, "codename": "delete_achievements"}}, {"model": "auth.permission", "pk": 32, "fields": {"name": "Can view Достижение", "content_type": 8, "codename": "view_achievements"}}, {"model": "auth.permission", "pk": 33, "fields": {"name": "Can add Чат", "content_type": 9, "codename": "add_chat"}}, {"model": "auth.permission", "pk": 34, "fields": {"name": "Can change Чат", "content_type": 9, "codename": "change_chat"}}, {"model": "auth.permission", "pk": 35, "fields": {"name": "Can delete Чат", "content_type": 9, "codename": "delete_chat"}}, {"model": "auth.permission", "pk": 36, "fields": {"name": "Can view Чат", "content_type": 9, "codename": "view_chat"}}, {"model": "auth.permission", "pk": 37, "fields": {"name": "Can add Дополнительное образование", "content_type": 10, "codename": "add_education"}}, {"model": "auth.permission", "pk": 38, "fields": {"name": "Can change Дополнительное образование", "content_type": 10, "codename": "change_education"}}, {"model": "auth.permission", "pk": 39, "fields": {"name": "Can delete Дополнительное образование", "content_type": 10, "codename": "delete_education"}}, {"model": "auth.permission", "pk": 40, "fields": {"name": "Can view Дополнительное образование", "content_type": 10, "codename": "view_education"}}, {"model": "auth.permission", "pk": 41, "fields": {"name": "Can add Опыт работы", "content_type": 11, "codename": "add_experience"}}, {"model": "auth.permission", "pk": 42, "fields": {"name": "Can change Опыт работы", "content_type": 11, "codename": "change_experience"}}, {"model": "auth.permission", "pk": 43, "fields": {"name": "Can delete Опыт работы", "content_type": 11, "codename": "delete_experience"}}, {"model": "auth.permission", "pk": 44, "fields": {"name": "Can view Опыт работы", "content_type": 11, "codename": "view_experience"}}, {"model": "auth.permission", "pk": 45, "fields": {"name": "Can add Навык", "content_type": 12, "codename": "add_skills"}}, {"model": "auth.permission", "pk": 46, "fields": {"name": "Can change Навык", "content_type": 12, "codename": "change_skills"}}, {"model": "auth.permission", "pk": 47, "fields": {"name": "Can delete Навык", "content_type": 12, "codename": "delete_skills"}}, {"model": "auth.permission", "pk": 48, "fields": {"name": "Can view Навык", "content_type": 12, "codename": "view_skills"}}, {"model": "auth.permission", "pk": 49, "fields": {"name": "Can add Аккаунт", "content_type": 13, "codename": "add_useraccount"}}, {"model": "auth.permission", "pk": 50, "fields": {"name": "Can change Аккаунт", "content_type": 13, "codename": "change_useraccount"}}, {"model": "auth.permission", "pk": 51, "fields": {"name": "Can delete Аккаунт", "content_type": 13, "codename": "delete_useraccount"}}, {"model": "auth.permission", "pk": 52, "fields": {"name": "Can view Аккаунт", "content_type": 13, "codename": "view_useraccount"}}, {"model": "auth.permission", "pk": 53, "fields": {"name": "Can add Сообщение", "content_type": 14, "codename": "add_message"}}, {"model": "auth.permission", "pk": 54, "fields": {"name": "Can change Сообщение", "content_type": 14, "codename": "change_message"}}, {"model": "auth.permission", "pk": 55, "fields": {"name": "Can delete Сообщение", "content_type": 14, "codename": "delete_message"}}, {"model": "auth.permission", "pk": 56, "fields": {"name": "Can view Сообщение", "content_type": 14, "codename": "view_message"}}, {"model": "auth.user", "pk": 1, "fields": {"password": "pbkdf2_sha256$260000$zSKG9M6EAaZPfnYZpD9InF$ENenU4bNI53MsxKVgYdumN0jPvVWMh94Q+X01/t/ogE=", "last_login": "2021-10-28T21:39:48.163Z", "is_superuser": true, "username": "jigsaw", "first_name": "", "last_name": "", "email": "misho_1998@mail.ru", "is_staff": true, "is_active": true, "date_joined": "2021-10-28T17:14:18.671Z", "groups": [], "user_permissions": []}}, {"model": "auth.user", "pk": 2, "fields": {"password": "pbkdf2_sha256$260000$ydofPqnFzFwimGPZBdU2L5$gt26T52e1v/UmKl9QMI69SPtX1JJHXZDkwRIuEqkygw=", "last_login": null, "is_superuser": false, "username": "sdhfgvhj", "first_name": "", "last_name": "", "email": "asdas@mail.ru", "is_staff": false, "is_active": true, "date_joined": "2021-10-28T17:15:37.894Z", "groups": [], "user_permissions": []}}, {"model": "auth.user", "pk": 3, "fields": {"password": "pbkdf2_sha256$260000$j7lcpyykJZyOeJ7TLV49Bt$QCua+Ct3wt2Vuxz/FCRQKGIQ5HwPmNOqSFv3ucGq8WI=", "last_login": null, "is_superuser": false, "username": "qsafasdfwq3", "first_name": "", "last_name": "", "email": "asdas@mail.ru", "is_staff": false, "is_active": true, "date_joined": "2021-10-28T20:39:09.439Z", "groups": [], "user_permissions": []}}, {"model": "auth.user", "pk": 4, "fields": {"password": "pbkdf2_sha256$260000$nGaFFK9nOo76vNqjVuYJDQ$1+xzALtde4DRJA/AUj/eYS1JTEQI2JXYb7Ms4FWNf/g=", "last_login": "2021-10-28T20:41:03.483Z", "is_superuser": false, "username": "mmmmm", "first_name": "", "last_name": "", "email": "asfsafsaf@gmail.com", "is_staff": false, "is_active": true, "date_joined": "2021-10-28T20:40:33.699Z", "groups": [], "user_permissions": []}}, {"model": "auth.user", "pk": 5, "fields": {"password": "pbkdf2_sha256$260000$TFKJNAzaDFm4OnVn8og5if$zx+R5iwmGGi4akww6/LF0n0BCbAmc/z+ChhyjfLwkS0=", "last_login": "2021-10-28T22:08:30.960Z", "is_superuser": false, "username": "qwerty123", "first_name": "", "last_name": "", "email": "jigsaw11211@gmail.com", "is_staff": false, "is_active": true, "date_joined": "2021-10-28T22:08:25.088Z", "groups": [], "user_permissions": []}}, {"model": "auth.user", "pk": 6, "fields": {"password": "pbkdf2_sha256$260000$SYsoFcJpM1jCYe8AUSXHvT$a+sGtnka8DNM3qfGDnyazGxHHbJwvyV7A1LucLWLp/I=", "last_login": "2021-10-28T22:48:27.801Z", "is_superuser": false, "username": "loh", "first_name": "", "last_name": "", "email": "asfsafsaf@gmail.com", "is_staff": false, "is_active": true, "date_joined": "2021-10-28T22:48:22.586Z", "groups": [], "user_permissions": []}}, {"model": "contenttypes.contenttype", "pk": 1, "fields": {"app_label": "admin", "model": "logentry"}}, {"model": "contenttypes.contenttype", "pk": 2, "fields": {"app_label": "auth", "model": "permission"}}, {"model": "contenttypes.contenttype", "pk": 3, "fields": {"app_label": "auth", "model": "group"}}, {"model": "contenttypes.contenttype", "pk": 4, "fields": {"app_label": "auth", "model": "user"}}, {"model": "contenttypes.contenttype", "pk": 5, "fields": {"app_label": "contenttypes", "model": "contenttype"}}, {"model": "contenttypes.contenttype", "pk": 6, "fields": {"app_label": "people", "model": "users"}}, {"model": "contenttypes.contenttype", "pk": 7, "fields": {"app_label": "sessions", "model": "session"}}, {"model": "contenttypes.contenttype", "pk": 8, "fields": {"app_label": "people", "model": "achievements"}}, {"model": "contenttypes.contenttype", "pk": 9, "fields": {"app_label": "people", "model": "chat"}}, {"model": "contenttypes.contenttype", "pk": 10, "fields": {"app_label": "people", "model": "education"}}, {"model": "contenttypes.contenttype", "pk": 11, "fields": {"app_label": "people", "model": "experience"}}, {"model": "contenttypes.contenttype", "pk": 12, "fields": {"app_label": "people", "model": "skills"}}, {"model": "contenttypes.contenttype", "pk": 13, "fields": {"app_label": "people", "model": "useraccount"}}, {"model": "contenttypes.contenttype", "pk": 14, "fields": {"app_label": "people", "model": "message"}}, {"model": "sessions.session", "pk": "f5fo43lxmc0exy21qv35bxgudqyohr2l", "fields": {"session_data": ".eJxVjDEOwjAMRe-SGUWpE7kxIztnqFzHoQWUSE07Ie4OlTrA-t97_2UG3tZp2Jouw5zM2aA5_W4jy0PLDtKdy61aqWVd5tHuij1os9ea9Hk53L-Didv0rQNL9JQxZPROQSDnhNI5FzoV8RiBQJnIM1CMsY-IXR77QOoggEfz_gDcAjb-:1mgECB:yyI6LSylcIIFi168N7jLo5vxWdhhFiV8ma59AGzOkak", "expire_date": "2021-11-11T22:48:27.807Z"}}, {"model": "people.skills", "pk": 1, "fields": {"title": "Python"}}, {"model": "people.skills", "pk": 2, "fields": {"title": "sdfsdf"}}, {"model": "people.skills", "pk": 3, "fields": {"title": "ret"}}, {"model": "people.skills", "pk": 4, "fields": {"title": "c"}}, {"model": "people.skills", "pk": 5, "fields": {"title": "jjjj"}}, {"model": "people.skills", "pk": 6, "fields": {"title": "fffffff"}}, {"model": "people.skills", "pk": 7, "fields": {"title": "fffffff"}}, {"model": "people.skills", "pk": 8, "fields": {"title": "fffffff"}}, {"model": "people.skills", "pk": 9, "fields": {"title": "vvvvvvvvvvvvvvvv"}}, {"model": "people.skills", "pk": 10, "fields": {"title": "mmmmmmmmmmm"}}, {"model": "people.skills", "pk": 11, "fields": {"title": "dddddddddd"}}, {"model": "people.experience", "pk": 1, "fields": {"company_name": "Intel", "position": "Junior python", "years_of_work": 2, "mounth_of_work": 3, "photo_work": "static/photo_works/growth-clipart-high-18.png"}}, {"model": "people.experience", "pk": 2, "fields": {"company_name": "gsrd", "position": "erger", "years_of_work": 3, "mounth_of_work": 1, "photo_work": "static/photo_works/unnamed_1.jpg"}}, {"model": "people.experience", "pk": 3, "fields": {"company_name": "BOO", "position": "Junior python", "years_of_work": 3, "mounth_of_work": 3, "photo_work": ""}}, {"model": "people.experience", "pk": 4, "fields": {"company_name": "ccc", "position": "erger", "years_of_work": 2, "mounth_of_work": 3, "photo_work": "static/photo_works/ENIAC_Penn1.jpg"}}, {"model": "people.experience", "pk": 5, "fields": {"company_name": "j", "position": "j", "years_of_work": 2, "mounth_of_work": 2, "photo_work": "static/photo_works/ййй.png"}}, {"model": "people.experience", "pk": 6, "fields": {"company_name": "ffffff", "position": "fffffff", "years_of_work": 3, "mounth_of_work": 2, "photo_work": "static/photo_works/KL_Intel_C8080.jpg"}}, {"model": "people.experience", "pk": 7, "fields": {"company_name": "ffffff", "position": "fffffff", "years_of_work": 3, "mounth_of_work": 2, "photo_work": "static/photo_works/KL_Intel_C8080_gpthqGN.jpg"}}, {"model": "people.experience", "pk": 8, "fields": {"company_name": "ffffff", "position": "fffffff", "years_of_work": 3, "mounth_of_work": 2, "photo_work": "static/photo_works/KL_Intel_C8080_y01X7Wy.jpg"}}, {"model": "people.experience", "pk": 9, "fields": {"company_name": "vvvvvvvvvvvvvvvv", "position": "vvvvvvvvvvvvvvvv", "years_of_work": 2, "mounth_of_work": 3, "photo_work": "static/photo_works/8187Fs2zmrL.jpg"}}, {"model": "people.experience", "pk": 10, "fields": {"company_name": "mmmmmmmmmmm", "position": "mmmmmmmmmmm", "years_of_work": 1, "mounth_of_work": 2, "photo_work": "static/photo_works/263051.png"}}, {"model": "people.experience", "pk": 11, "fields": {"company_name": "dddddddd", "position": "ddddddd", "years_of_work": 2, "mounth_of_work": 3, "photo_work": "static/photo_works/jFAo2LPIQm6E1X6yQaVq.png"}}, {"model": "people.education", "pk": 1, "fields": {"university_name": "School 21", "direction": "C++ deverloper", "start_training": "2020-07-23", "end_training": "2021-10-20", "photo_education": "static/photo_education/kapltsu3wob75fdwq7dxdifwvtu.jpeg"}}, {"model": "people.education", "pk": 2, "fields": {"university_name": "School 21", "direction": "eeeeeeeeee", "start_training": "2021-07-07", "end_training": "2021-07-31", "photo_education": ""}}, {"model": "people.education", "pk": 3, "fields": {"university_name": "c", "direction": "ccc", "start_training": "2021-07-07", "end_training": "2021-10-20", "photo_education": "static/photo_education/ENIAC_Penn1.jpg"}}, {"model": "people.education", "pk": 4, "fields": {"university_name": "jjjj", "direction": "jjjjjj", "start_training": "2020-07-23", "end_training": "2021-10-20", "photo_education": "static/photo_education/13898083651242.png"}}, {"model": "people.education", "pk": 5, "fields": {"university_name": "fff", "direction": "fffff", "start_training": "2020-07-23", "end_training": "2021-10-20", "photo_education": "static/photo_education/IAS_machine_at_Smithsonian.jpg"}}, {"model": "people.education", "pk": 6, "fields": {"university_name": "fff", "direction": "fffff", "start_training": "2020-07-23", "end_training": "2021-10-20", "photo_education": "static/photo_education/IAS_machine_at_Smithsonian_miRjlRv.jpg"}}, {"model": "people.education", "pk": 7, "fields": {"university_name": "fff", "direction": "fffff", "start_training": "2020-07-23", "end_training": "2021-10-20", "photo_education": "static/photo_education/IAS_machine_at_Smithsonian_lVdDtVL.jpg"}}, {"model": "people.education", "pk": 8, "fields": {"university_name": "vvvvvvvvvvvvvvvv", "direction": "vvvvvvvvvvvvvvvv", "start_training": "2020-07-23", "end_training": "2021-10-20", "photo_education": "static/photo_education/python-crash-course-cover.png"}}, {"model": "people.education", "pk": 9, "fields": {"university_name": "mmmmmmmmmmm", "direction": "mmmmmmmmmmm", "start_training": "2020-07-23", "end_training": "2021-07-31", "photo_education": "static/photo_education/263051.png"}}, {"model": "people.education", "pk": 10, "fields": {"university_name": "ddddddddddd", "direction": "dddddddddddd", "start_training": "2021-07-07", "end_training": "2021-07-31", "photo_education": "static/photo_education/263051_nMKn0Ke.png"}}, {"model": "people.achievements", "pk": 1, "fields": {"topic": "TEPLOENERGO HACKATON", "description": "weqfwqfwqf"}}, {"model": "people.achievements", "pk": 2, "fields": {"topic": "TEPLOENERGO HACKATON", "description": "cvvcb"}}, {"model": "people.achievements", "pk": 3, "fields": {"topic": "cccccccc", "description": "ccccccccc"}}, {"model": "people.achievements", "pk": 4, "fields": {"topic": "j", "description": "jjjjj"}}, {"model": "people.achievements", "pk": 5, "fields": {"topic": "ffff", "description": "fffffff"}}, {"model": "people.achievements", "pk": 6, "fields": {"topic": "ffff", "description": "fffffff"}}, {"model": "people.achievements", "pk": 7, "fields": {"topic": "ffff", "description": "fffffff"}}, {"model": "people.achievements", "pk": 8, "fields": {"topic": "vvvvvvvvvvvvvvvv", "description": "vvvvvvvvvvvvvvvv"}}, {"model": "people.achievements", "pk": 9, "fields": {"topic": "mmmmmmmmmmm", "description": "mmmmmmmmmmm"}}, {"model": "people.achievements", "pk": 10, "fields": {"topic": "ddddd", "description": "ddddddddd"}}, {"model": "people.useraccount", "pk": 2, "fields": {"user": 1, "first_name_u": "ffffffff", "last_name_u": "fffffff", "profession": "fffffffff", "country": "ffffffffff", "city": "ffffffffff", "university": "fffffffff", "photo": "static/photos/1002207318_u6Ch5yt.jpg", "additional_information": "fffff", "skills": [8], "experience": [1, 8], "additional_education": [1, 7], "achievements": [1, 7]}}, {"model": "people.useraccount", "pk": 3, "fields": {"user": 2, "first_name_u": "wefwef", "last_name_u": "wefwef", "profession": "fwef", "country": "wefwe", "city": "wefwef", "university": "wefwef", "photo": "static/photos/978-9789966_about-our-programattik-platform-transparent-background-technol_zq2C5RM.png", "additional_information": "sadsad", "skills": [1], "experience": [1], "additional_education": [1], "achievements": [1]}}, {"model": "people.useraccount", "pk": 4, "fields": {"user": 4, "first_name_u": "cccccccccc", "last_name_u": "ccccccccccc", "profession": "ccccccccccc", "country": "ccccccccccc", "city": "ccccccccccccccc", "university": "ccccccccccc", "photo": "static/photos/ENIAC_Penn1.jpg", "additional_information": "cccccccc", "skills": [], "experience": [], "additional_education": [], "achievements": []}}, {"model": "people.useraccount", "pk": 5, "fields": {"user": 5, "first_name_u": "mmmmmmmmmmm", "last_name_u": "mmmmmmmmmmm", "profession": "mmmmmmmmmmm", "country": "mmmmmmmmmmm", "city": "mmmmmmmmmmm", "university": "mmmmmmmmmmm", "photo": "static/photos/work-people.png", "additional_information": "mmmmmmmmmmm", "skills": [9, 10], "experience": [9, 10], "additional_education": [8, 9], "achievements": [8, 9]}}, {"model": "people.useraccount", "pk": 6, "fields": {"user": 6, "first_name_u": "ddddddddddd", "last_name_u": "ddddddddd", "profession": "ddddddd", "country": "dddddddddddddddd", "city": "dddddddddddd", "university": "ddddddddd", "photo": "static/photos/swhw7bcgydmw.jpeg", "additional_information": "dddddddddd", "skills": [11], "experience": [11], "additional_education": [10], "achievements": [10]}}]